CREATE DATABASE IF NOT EXISTS TokoOnline;
USE TokoOnline;

/*DDL: CREATE TABLE*/

CREATE TABLE Pengguna (
    UserID INT PRIMARY KEY,
    NamaPengguna VARCHAR(100),
    NIK VARCHAR(20),
    Alamat TEXT,
    NomorTelepon VARCHAR(20),
    Email VARCHAR(100),
    JenisKelamin VARCHAR(10),
    Aktif BOOLEAN,
    Blokir BOOLEAN
);

CREATE TABLE Pembeli (
    UserID INT PRIMARY KEY,
    TotalBelanja DECIMAL(12, 2),
    PoinReward INT,
    FOREIGN KEY (UserID) REFERENCES Pengguna(UserID)
);

CREATE TABLE Penjual (
    UserID INT PRIMARY KEY,
    JumlahToko INT,
    FOREIGN KEY (UserID) REFERENCES Pengguna(UserID)
);

CREATE TABLE Toko (
    StoreID INT PRIMARY KEY,
    UserID INT,
    NamaToko VARCHAR(100),
    DeskripsiToko TEXT,
    FOREIGN KEY (UserID) REFERENCES Penjual(UserID)
);

CREATE TABLE Kategori (
    CategoryID INT PRIMARY KEY,
    NamaKategori VARCHAR(100),
    Deskripsi TEXT
);

CREATE TABLE Produk (
    ProdukID INT PRIMARY KEY,
    StoreID INT,
    CategoryID INT,
    NamaProduk VARCHAR(100),
    Deskripsi TEXT,
    Harga DECIMAL(12, 2),
    Stok INT,
    StatusProduk VARCHAR(50),
    Rating DECIMAL(3, 2),
    FOREIGN KEY (StoreID) REFERENCES Toko(StoreID),
    FOREIGN KEY (CategoryID) REFERENCES Kategori(CategoryID)
);

CREATE TABLE Detail_Category (
    ProdukID INT,
    CategoryID INT,
    PRIMARY KEY (ProdukID, CategoryID),
    FOREIGN KEY (ProdukID) REFERENCES Produk(ProdukID),
    FOREIGN KEY (CategoryID) REFERENCES Kategori(CategoryID)
);

CREATE TABLE Transaksi (
    TransaksiID INT PRIMARY KEY,
    UserID INT,
    TotalHarga DECIMAL(12, 2),
    Diskon DECIMAL(5, 2),
    OngkosKirim DECIMAL(12, 2),
    StatusPesanan VARCHAR(50),
    NamaProduk TEXT,
    FOREIGN KEY (UserID) REFERENCES Pembeli(UserID)
);

CREATE TABLE Membeli (
    TransaksiID INT,
    ProdukID INT,
    JumlahProduk INT,
    PRIMARY KEY (TransaksiID, ProdukID),
    FOREIGN KEY (TransaksiID) REFERENCES Transaksi(TransaksiID),
    FOREIGN KEY (ProdukID) REFERENCES Produk(ProdukID)
);

CREATE TABLE Pembayaran (
    PaymentID INT PRIMARY KEY,
    TransaksiID INT,
    Tanggal DATE,
    Metode VARCHAR(50),
    OngkosKirim DECIMAL(12, 2),
    TotalBayar DECIMAL(12, 2),
    StatusBayar VARCHAR(50),
    FOREIGN KEY (TransaksiID) REFERENCES Transaksi(TransaksiID)
);

CREATE TABLE Ulasan (
    ReviewID INT PRIMARY KEY,
    ProdukID INT,
    UserID INT,
    Rating DECIMAL(3, 2),
    Komentar TEXT,
    TanggalUlasan DATE,
    FOREIGN KEY (ProdukID) REFERENCES Produk(ProdukID),
    FOREIGN KEY (UserID) REFERENCES Pengguna(UserID)
);

/*DML: INSERT INTO*/

INSERT INTO Pengguna VALUES
(1, 'Ahmad', '123456789', 'Jl. Melati No.1', '08123456789', 'ahmad@mail.com', 'Laki-laki', TRUE, FALSE),
(2, 'Sari', '987654321', 'Jl. Mawar No.2', '08987654321', 'sari@mail.com', 'Perempuan', TRUE, FALSE),
(3, 'Budi', '112233445', 'Jl. Anggrek No.3', '08112233445', 'budi@mail.com', 'Laki-laki', TRUE, FALSE),
(4, 'Dewi', '554433221', 'Jl. Kenanga No.4', '08554433221', 'dewi@mail.com', 'Perempuan', TRUE, FALSE),
(5, 'Candra', '998877665', 'Jl. Dahlia No.5', '08998877665', 'candra@mail.com', 'Laki-laki', TRUE, FALSE),
(6, 'Fitri', '102030405', 'Jl. Tulip No.6', '08102030405', 'fitri@mail.com', 'Perempuan', TRUE, FALSE),
(7, 'Gatot', '605040302', 'Jl. Teratai No.7', '08605040302', 'gatot@mail.com', 'Laki-laki', TRUE, FALSE),
(8, 'Hana', '708090102', 'Jl. Sakura No.8', '08708090102', 'hana@mail.com', 'Perempuan', TRUE, FALSE),
(9, 'Indra', '201030405', 'Jl. Lily No.9', '08201030405', 'indra@mail.com', 'Laki-laki', TRUE, FALSE),
(10, 'Juli', '807060504', 'Jl. Kamboja No.10', '08807060504', 'juli@mail.com', 'Perempuan', TRUE, FALSE),
(11, 'Kevin', '304050607', 'Jl. Cemara No.11', '08304050607', 'kevin@mail.com', 'Laki-laki', TRUE, FALSE),
(12, 'Lina', '405060708', 'Jl. Edelweis No.12', '08405060708', 'lina@mail.com', 'Perempuan', TRUE, FALSE),
(13, 'Miko', '506070809', 'Jl. Bougenville No.13', '08506070809', 'miko@mail.com', 'Laki-laki', TRUE, FALSE),
(14, 'Nina', '607080901', 'Jl. Anggrek Bulan No.14', '08607080901', 'nina@mail.com', 'Perempuan', TRUE, FALSE),
(15, 'Oscar', '708090102', 'Jl. Matahari No.15', '08708090102', 'oscar@mail.com', 'Laki-laki', TRUE, FALSE),
(16, 'Putri', '809010203', 'Jl. Daisy No.16', '08809010203', 'putri@mail.com', 'Perempuan', TRUE, FALSE),
(17, 'Rian', '901020304', 'Jl. Sakura Indah No.17', '08901020304', 'rian@mail.com', 'Laki-laki', TRUE, FALSE),
(18, 'Siska', '102030405', 'Jl. Tulip Mekar No.18', '08102030405', 'siska@mail.com', 'Perempuan', TRUE, FALSE),
(19, 'Tono', '203040506', 'Jl. Kamboja Raya No.19', '08203040506', 'tono@mail.com', 'Laki-laki', TRUE, FALSE),
(20, 'Vivi', '304050607', 'Jl. Melati Harum No.20', '08304050607', 'vivi@mail.com', 'Perempuan', TRUE, FALSE),
(21, 'Wayan', '405060708', 'Jl. Mawar Merah No.21', '08405060708', 'wayan@mail.com', 'Laki-laki', TRUE, FALSE),
(22, 'Xena', '506070809', 'Jl. Anggrek Ungu No.22', '08506070809', 'xena@mail.com', 'Perempuan', TRUE, FALSE),
(23, 'Yudi', '607080901', 'Jl. Kenanga Kuning No.23', '08607080901', 'yudi@mail.com', 'Laki-laki', TRUE, FALSE),
(24, 'Zahra', '708090102', 'Jl. Dahlia Putih No.24', '08708090102', 'zahra@mail.com', 'Perempuan', TRUE, FALSE),
(25, 'Agus', '809010203', 'Jl. Tulip Biru No.25', '08809010203', 'agus@mail.com', 'Laki-laki', TRUE, FALSE),
(26, 'Bella', '901020304', 'Jl. Teratai Salju No.26', '08901020304', 'bella@mail.com', 'Perempuan', TRUE, FALSE),
(27, 'Ciko', '112233446', 'Jl. Sakura Mekar No.27', '08112233446', 'ciko@mail.com', 'Laki-laki', TRUE, FALSE),
(28, 'Dina', '554433222', 'Jl. Lily Putih No.28', '08554433222', 'dina@mail.com', 'Perempuan', TRUE, FALSE),
(29, 'Eko', '998877666', 'Jl. Kamboja Mekar No.29', '08998877666', 'eko@mail.com', 'Laki-laki', TRUE, FALSE),
(30, 'Fani', '102030406', 'Jl. Cemara Hijau No.30', '08102030406', 'fani@mail.com', 'Perempuan', TRUE, FALSE),
(31, 'Gita', '605040303', 'Jl. Edelweis Putih No.31', '08605040303', 'gita@mail.com', 'Perempuan', TRUE, FALSE),
(32, 'Heru', '708090103', 'Jl. Bougenville Merah No.32', '08708090103', 'heru@mail.com', 'Laki-laki', TRUE, FALSE),
(33, 'Ika', '201030406', 'Jl. Anggrek Bulan Ungu No.33', '08201030406', 'ika@mail.com', 'Perempuan', TRUE, FALSE),
(34, 'Joko', '807060505', 'Jl. Matahari Kuning No.34', '08807060505', 'joko@mail.com', 'Laki-laki', TRUE, FALSE),
(35, 'Kiki', '304050608', 'Jl. Daisy Merah No.35', '08304050608', 'kiki@mail.com', 'Perempuan', TRUE, FALSE),
(36, 'Lukman', '405060709', 'Jl. Sakura Indah Mekar No.36', '08405060709', 'lukman@mail.com', 'Laki-laki', TRUE, FALSE),
(37, 'Mila', '506070810', 'Jl. Tulip Mekar Biru No.37', '08506070810', 'mila@mail.com', 'Perempuan', TRUE, FALSE),
(38, 'Nico', '607080902', 'Jl. Kamboja Raya Hijau No.38', '08607080902', 'nico@mail.com', 'Laki-laki', TRUE, FALSE),
(39, 'Ola', '708090104', 'Jl. Melati Harum Kuning No.39', '08708090104', 'ola@mail.com', 'Perempuan', TRUE, FALSE),
(40, 'Panca', '809010204', 'Jl. Mawar Merah Mekar No.40', '08809010204', 'panca@mail.20com', 'Laki-laki', TRUE, FALSE),
(41, 'Qiqi', '901020305', 'Jl. Anggrek Ungu Indah No.41', '08901020305', 'qiqi@mail.com', 'Perempuan', TRUE, FALSE),
(42, 'Rudi', '102030407', 'Jl. Kenanga Kuning Ceria No.42', '08102030407', 'rudi@mail.com', 'Laki-laki', TRUE, FALSE),
(43, 'Sasa', '203040507', 'Jl. Dahlia Putih Indah No.43', '08203040507', 'sasa@mail.com', 'Perempuan', TRUE, FALSE),
(44, 'Tuti', '304050608', 'Jl. Tulip Biru Cerah No.44', '08304050608', 'tuti@mail.com', 'Perempuan', TRUE, FALSE),
(45, 'Umar', '405060709', 'Jl. Teratai Salju Putih No.45', '08405060709', 'umar@mail.com', 'Laki-laki', TRUE, FALSE),
(46, 'Vira', '506070810', 'Jl. Sakura Mekar Indah No.46', '08506070810', 'vira@mail.com', 'Perempuan', TRUE, FALSE),
(47, 'Widi', '607080902', 'Jl. Lily Putih Bersih No.47', '08607080902', 'widi@mail.com', 'Laki-laki', TRUE, FALSE),
(48, 'Xena', '708090104', 'Jl. Kamboja Mekar Wangi No.48', '08708090104', 'xena_new@mail.com', 'Perempuan', TRUE, FALSE),
(49, 'Yanto', '809010205', 'Jl. Cemara Hijau Asri No.49', '08809010205', 'yanto@mail.com', 'Laki-laki', TRUE, FALSE),
(50, 'Zizi', '901020306', 'Jl. Edelweis Putih Salju No.50', '08901020306', 'zizi@mail.com', 'Perempuan', TRUE, FALSE),
(51, 'Andre', '123123123', 'Jl. Merpati No.1', '08123123123', 'andre@mail.com', 'Laki-laki', TRUE, FALSE),
(52, 'Bunga', '456456456', 'Jl. Kutilang No.2', '08456456456', 'bunga@mail.com', 'Perempuan', TRUE, FALSE),
(53, 'Dika', '789789789', 'Jl. Elang No.3', '08789789789', 'dika@mail.com', 'Laki-laki', TRUE, FALSE),
(54, 'Eka', '101101101', 'Jl. Kakak Tua No.4', '08101101101', 'eka@mail.com', 'Perempuan', TRUE, FALSE),
(55, 'Fajar', '202202202', 'Jl. Garuda No.5', '08202202202', 'fajar@mail.com', 'Laki-laki', TRUE, FALSE),
(56, 'Gita', '303303303', 'Jl. Rajawali No.6', '08303303303', 'gita@mail.com', 'Perempuan', TRUE, FALSE),
(57, 'Hadi', '404404404', 'Jl. Nuri No.7', '08404404404', 'hadi@mail.com', 'Laki-laki', TRUE, FALSE),
(58, 'Intan', '505505505', 'Jl. Parkit No.8', '08505505505', 'intan@mail.com', 'Perempuan', TRUE, FALSE),
(59, 'Jaya', '606606606', 'Jl. Kenari No.9', '08606606606', 'jaya@mail.com', 'Laki-laki', TRUE, FALSE),
(60, 'Kirana', '707707707', 'Jl. Finch No.10', '08707707707', 'kirana@mail.com', 'Perempuan', TRUE, FALSE),
(61, 'Luki', '808808808', 'Jl. Lovebird No.11', '08808808808', 'luki@mail.com', 'Laki-laki', TRUE, FALSE),
(62, 'Maya', '909909909', 'Jl. Dara No.12', '08909909909', 'maya@mail.com', 'Perempuan', TRUE, FALSE),
(63, 'Nanda', '111222333', 'Jl. Perkutut No.13', '08111222333', 'nanda@mail.com', 'Laki-laki', TRUE, FALSE),
(64, 'Olive', '444555666', 'Jl. Murai No.14', '08444555666', 'olive@mail.com', 'Perempuan', TRUE, FALSE),
(65, 'Putra', '777888999', 'Jl. Cucak Rowo No.15', '08777888999', 'putra@mail.com', 'Laki-laki', TRUE, FALSE),
(66, 'Rina', '123987456', 'Jl. Jalak No.16', '08123987456', 'rina@mail.com', 'Perempuan', TRUE, FALSE),
(67, 'Seno', '654789321', 'Jl. Cendet No.17', '08654789321', 'seno@mail.com', 'Laki-laki', TRUE, FALSE),
(68, 'Tia', '987123654', 'Jl. Pleci No.18', '08987123654', 'tia@mail.com', 'Perempuan', TRUE, FALSE),
(69, 'Udin', '321654987', 'Jl. Decu No.19', '08321654987', 'udin@mail.com', 'Laki-laki', TRUE, FALSE),
(70, 'Wulan', '147258369', 'Jl. Poksay No.20', '08147258369', 'wulan@mail.com', 'Perempuan', TRUE, FALSE),
(71, 'Yoga', '258369147', 'Jl. Trucukan No.21', '08258369147', 'yoga@mail.com', 'Laki-laki', TRUE, FALSE),
(72, 'Zaskia', '369147258', 'Jl. Manyar No.22', '08369147258', 'zaskia@mail.com', 'Perempuan', TRUE, FALSE),
(73, 'Ari', '789456123', 'Jl. Ciblek No.23', '08789456123', 'ari@mail.com', 'Laki-laki', TRUE, FALSE),
(74, 'Bunga', '159753846', 'Jl. Prenjak No.24', '08159753846', 'bunga_new@mail.com', 'Perempuan', TRUE, FALSE),
(75, 'Citra', '852963741', 'Jl. Kolibri No.25', '08852963741', 'citra@mail.com', 'Perempuan', TRUE, FALSE),
(76, 'Deni', '741852963', 'Jl. Sogok Ontong No.26', '08741852963', 'deni@mail.com', 'Laki-laki', TRUE, FALSE),
(77, 'Emi', '963852741', 'Jl. Ciu No.27', '08963852741', 'emi@mail.com', 'Perempuan', TRUE, FALSE),
(78, 'Fahmi', '123451234', 'Jl. Branjangan No.28', '08123451234', 'fahmi@mail.com', 'Laki-laki', TRUE, FALSE),
(79, 'Gani', '543215432', 'Jl. Tledekan No.29', '08543215432', 'gani@mail.com', 'Laki-laki', TRUE, FALSE),
(80, 'Hani', '987659876', 'Jl. Cacing No.30', '08987659876', 'hani@mail.com', 'Perempuan', TRUE, FALSE),
(81, 'Iwan', '111112222', 'Jl. Robin No.31', '08111112222', 'iwan@mail.com', 'Laki-laki', TRUE, FALSE),
(82, 'Jihan', '333334444', 'Jl. Plover No.32', '08333334444', 'jihan@mail.com', 'Perempuan', TRUE, FALSE),
(83, 'Koko', '555556666', 'Jl. Snipe No.33', '08555556666', 'koko@mail.com', 'Laki-laki', TRUE, FALSE),
(84, 'Lala', '777778888', 'Jl. Teal No.34', '08777778888', 'lala@mail.com', 'Perempuan', TRUE, FALSE),
(85, 'Maman', '999990000', 'Jl. Gull No.35', '08999990000', 'maman@mail.com', 'Laki-laki', TRUE, FALSE),
(86, 'Nadia', '101010101', 'Jl. Tern No.36', '08101010101', 'nadia@mail.com', 'Perempuan', TRUE, FALSE),
(87, 'Opi', '202020202', 'Jl. Heron No.37', '08202020202', 'opi@mail.com', 'Perempuan', TRUE, FALSE),
(88, 'Pras', '303030303', 'Jl. Eagle No.38', '08303030303', 'pras@mail.com', 'Laki-laki', TRUE, FALSE),
(89, 'Risa', '404040404', 'Jl. Falcon No.39', '08404040404', 'risa@mail.com', 'Perempuan', TRUE, FALSE),
(90, 'Sandi', '505050505', 'Jl. Hawk No.40', '08505050505', 'sandi@mail.com', 'Laki-laki', TRUE, FALSE),
(91, 'Tini', '606060606', 'Jl. Kite No.41', '08606060606', 'tini@mail.com', 'Perempuan', TRUE, FALSE),
(92, 'Umi', '707070707', 'Jl. Owl No.42', '08707070707', 'umi@mail.com', 'Perempuan', TRUE, FALSE),
(93, 'Vina', '808080808', 'Jl. Vulture No.43', '08808080808', 'vina@mail.com', 'Perempuan', TRUE, FALSE),
(94, 'Wahyu', '909090909', 'Jl. Condor No.44', '08909090909', 'wahyu@mail.com', 'Laki-laki', TRUE, FALSE),
(95, 'Xavier', '121212121', 'Jl. Parrot No.45', '08121212121', 'xavier@mail.com', 'Laki-laki', TRUE, FALSE),
(96, 'Yeni', '232323232', 'Jl. Toucan No.46', '08232323232', 'yeni@mail.com', 'Perempuan', TRUE, FALSE),
(97, 'Zainal', '343434343', 'Jl. Macaw No.47', '08343434343', 'zainal@mail.com', 'Laki-laki', TRUE, FALSE),
(98, 'Aminah', '454545454', 'Jl. Cockatoo No.48', '08454545454', 'aminah@mail.com', 'Perempuan', TRUE, FALSE),
(99, 'Bagas', '565656565', 'Jl. Lorikeet No.49', '08565656565', 'bagas@mail.com', 'Laki-laki', TRUE, FALSE),
(100, 'Cindy', '676767676', 'Jl. Conure No.50', '08676767676', 'cindy@mail.com', 'Perempuan', TRUE, FALSE);

INSERT INTO Penjual VALUES
(1, 1),
(3, 1),
(5, 2),
(7, 1),
(9, 1),
(11, 2),
(13, 1),
(15, 1),
(17, 2),
(19, 1),
(21, 1),
(23, 2),
(25, 1),
(27, 1),
(29, 2),
(31, 1),
(33, 1),
(35, 2),
(37, 1),
(39, 1),
(41, 2),
(43, 1),
(45, 1),
(47, 2),
(49, 1),
(51, 1),
(53, 2),
(55, 1),
(57, 1),
(59, 2),
(61, 1),
(63, 1),
(65, 2),
(67, 1),
(69, 1),
(71, 2),
(73, 1),
(75, 1),
(77, 2),
(79, 1),
(81, 1),
(83, 2),
(85, 1),
(87, 1),
(89, 2),
(91, 1),
(93, 1),
(95, 2),
(97, 1),
(99, 1);

INSERT INTO Pembeli VALUES
(2, 500000.00, 150),
(4, 750000.00, 200),
(6, 300000.00, 100),
(8, 1200000.00, 350),
(10, 600000.00, 180),
(12, 900000.00, 250),
(14, 450000.00, 130),
(16, 1500000.00, 400),
(18, 800000.00, 220),
(20, 1100000.00, 300),
(22, 550000.00, 160),
(24, 950000.00, 270),
(26, 700000.00, 200),
(28, 1300000.00, 380),
(30, 400000.00, 120),
(32, 1000000.00, 280),
(34, 650000.00, 190),
(36, 850000.00, 240),
(38, 500000.00, 150),
(40, 1200000.00, 330),
(42, 750000.00, 210),
(44, 900000.00, 260),
(46, 350000.00, 110),
(48, 1150000.00, 320),
(50, 600000.00, 170),
(52, 800000.00, 230),
(54, 420000.00, 125),
(56, 1050000.00, 290),
(58, 700000.00, 200),
(60, 920000.00, 265),
(62, 580000.00, 175),
(64, 1300000.00, 370),
(66, 680000.00, 195),
(68, 1100000.00, 310),
(70, 490000.00, 140),
(72, 990000.00, 280),
(74, 720000.00, 205),
(76, 1250000.00, 350),
(78, 530000.00, 155),
(80, 1000000.00, 285),
(82, 620000.00, 180),
(84, 880000.00, 250),
(86, 380000.00, 115),
(88, 1180000.00, 330),
(90, 650000.00, 190),
(92, 830000.00, 235),
(94, 470000.00, 135),
(96, 1070000.00, 300),
(98, 700000.00, 200),
(100, 950000.00, 275);

INSERT INTO Toko VALUES
(102, 3, 'Toko Budi', 'Menjual pakaian pria dan wanita'),
(103, 5, 'Toko Candra Elektronik', 'Berbagai macam gadget terbaru'),
(104, 7, 'Gatot Games', 'Menjual game konsol dan aksesoris'),
(105, 9, 'Indra Furniture', 'Perabotan rumah tangga modern'),
(106, 11, 'Kevin Sports', 'Perlengkapan olahraga lengkap'),
(107, 13, 'Miko Buku', 'Toko buku fiksi dan non-fiksi'),
(108, 15, 'Oscar Otomotif', 'Sparepart dan aksesoris kendaraan'),
(109, 17, 'Rian Kesehatan', 'Produk kesehatan dan suplemen'),
(110, 19, 'Tono Seni', 'Peralatan seni dan kerajinan'),
(111, 21, 'Wayan Petshop', 'Perlengkapan hewan peliharaan'),
(112, 23, 'Yudi Musik', 'Alat musik dan aksesorisnya'),
(113, 25, 'Agus Fotografi', 'Peralatan fotografi profesional'),
(114, 27, 'Ciko Outdoor', 'Perlengkapan camping dan outdoor'),
(115, 29, 'Eko Kopi', 'Biji kopi dan peralatan seduh'),
(116, 31, 'Gita Kecantikan', 'Produk kecantikan dan perawatan diri'),
(117, 33, 'Ika Mainan', 'Mainan edukasi dan koleksi'),
(118, 35, 'Kiki Dapur', 'Peralatan dapur modern'),
(119, 37, 'Mila Tanaman', 'Tanaman hias dan perlengkapannya'),
(120, 39, 'Ola Kerajinan', 'Produk kerajinan tangan unik'),
(121, 41, 'Qiqi Fashion', 'Pakaian fashion terbaru'),
(122, 43, 'Sasa Aksesoris', 'Aksesoris fashion dan perhiasan'),
(123, 45, 'Umar Gadget', 'Gadget dan smartphone terbaru'),
(124, 47, 'Widi Perlengkapan Bayi', 'Perlengkapan bayi dan anak'),
(125, 49, 'Yanto Alat Tulis', 'Alat tulis dan perlengkapan kantor'),
(126, 51, 'Toko Andre', 'Menjual alat-alat rumah tangga'),
(127, 53, 'Toko Dika', 'Menyediakan peralatan kebun'),
(128, 55, 'Toko Fajar', 'Menjual produk-produk handmade'),
(129, 57, 'Toko Hadi', 'Menjual perlengkapan traveling'),
(130, 59, 'Toko Jaya', 'Menjual produk-produk organik'),
(131, 61, 'Toko Luki', 'Menjual perlengkapan memancing'),
(132, 63, 'Toko Nanda', 'Menyediakan kebutuhan berkebun'),
(133, 65, 'Toko Putra', 'Menjual perlengkapan fotografi'),
(134, 67, 'Toko Seno', 'Menjual perlengkapan seni lukis'),
(135, 69, 'Toko Udin', 'Menjual produk-produk vintage'),
(136, 71, 'Toko Yoga', 'Menyediakan perlengkapan outdoor'),
(137, 73, 'Toko Ari', 'Menjual aksesoris mobil'),
(138, 75, 'Toko Citra', 'Menjual perlengkapan bayi'),
(139, 77, 'Toko Emi', 'Menjual makanan sehat'),
(140, 79, 'Toko Gani', 'Menjual produk-produk elektronik mini'),
(141, 81, 'Toko Iwan', 'Menjual peralatan hiking'),
(142, 83, 'Toko Koko', 'Menjual perlengkapan fitness'),
(143, 85, 'Toko Maman', 'Menjual perlengkapan renang'),
(144, 87, 'Toko Opi', 'Menjual perlengkapan yoga'),
(145, 89, 'Toko Risa', 'Menjual produk-produk daur ulang'),
(146, 91, 'Toko Tini', 'Menjual perlengkapan jahit'),
(147, 93, 'Toko Vina', 'Menjual perlengkapan melukis'),
(148, 95, 'Toko Xavier', 'Menjual perlengkapan musik digital'),
(149, 97, 'Toko Zainal', 'Menjual perlengkapan motor'),
(150, 99, 'Toko Bagas', 'Menjual perlengkapan pesta');

INSERT INTO Kategori VALUES
(1, 'Elektronik', 'Produk elektronik seperti laptop dan HP'),
(2, 'Pakaian', 'Berbagai jenis pakaian'),
(3, 'Rumah Tangga', 'Kebutuhan sehari-hari rumah tangga'),
(4, 'Otomotif', 'Berbagai jenis kendaraan dan aksesoris'),
(5, 'Olahraga', 'Alat dan perlengkapan olahraga'),
(6, 'Buku', 'Berbagai genre buku'),
(7, 'Kesehatan', 'Obat-obatan dan suplemen kesehatan'),
(8, 'Seni & Kerajinan', 'Peralatan seni dan kerajinan tangan'),
(9, 'Hewan Peliharaan', 'Kebutuhan hewan peliharaan'),
(10, 'Musik', 'Alat musik dan aksesoris'),
(11, 'Fotografi', 'Peralatan fotografi'),
(12, 'Outdoor & Travel', 'Perlengkapan aktivitas outdoor dan traveling'),
(13, 'Kopi & Teh', 'Biji kopi, teh, dan perlengkapannya'),
(14, 'Kecantikan', 'Produk kosmetik dan perawatan diri'),
(15, 'Mainan & Hobi', 'Mainan anak-anak dan koleksi hobi'),
(16, 'Dapur', 'Peralatan masak dan makan'),
(17, 'Tanaman', 'Tanaman hias dan perlengkapan kebun'),
(18, 'Aksesoris Fashion', 'Aksesoris pelengkap gaya'),
(19, 'Bayi & Anak', 'Kebutuhan bayi dan anak-anak'),
(20, 'Alat Tulis Kantor', 'Perlengkapan sekolah dan kantor');

INSERT INTO Produk VALUES
(201, 101, 1, 'Laptop Asus ROG', 'Laptop gaming terbaik', 20000000.00, 5, 'Tersedia', 4.8),
(202, 102, 2, 'Kemeja Pria', 'Kemeja casual untuk pria', 150000.00, 20, 'Tersedia', 4.5),
(203, 103, 1, 'Smartphone Samsung', 'HP dengan kamera terbaik', 10000000.00, 10, 'Tersedia', 4.7),
(204, 104, 5, 'Nintendo Switch', 'Konsol game portabel', 4500000.00, 7, 'Tersedia', 4.9),
(205, 105, 3, 'Sofa Minimalis', 'Sofa nyaman untuk ruang tamu', 3500000.00, 3, 'Tersedia', 4.6),
(206, 106, 5, 'Sepatu Lari Nike', 'Sepatu lari ringan dan nyaman', 1200000.00, 15, 'Tersedia', 4.8),
(207, 107, 6, 'Novel Fantasi', 'Buku fiksi petualangan', 90000.00, 50, 'Tersedia', 4.7),
(208, 108, 4, 'Oli Mesin Mobil', 'Oli berkualitas untuk mesin mobil', 100000.00, 30, 'Tersedia', 4.5),
(209, 109, 7, 'Vitamin C', 'Suplemen kesehatan daya tahan tubuh', 50000.00, 100, 'Tersedia', 4.6),
(210, 110, 8, 'Set Cat Air', 'Peralatan melukis cat air lengkap', 200000.00, 12, 'Tersedia', 4.8),
(211, 111, 9, 'Makanan Kucing', 'Makanan kucing premium', 75000.00, 40, 'Tersedia', 4.7),
(212, 112, 10, 'Gitar Akustik', 'Gitar akustik dengan suara jernih', 1500000.00, 8, 'Tersedia', 4.9),
(213, 113, 11, 'Kamera DSLR Canon', 'Kamera profesional untuk fotografi', 8000000.00, 4, 'Tersedia', 4.8),
(214, 114, 12, 'Tenda Camping', 'Tenda camping kapasitas 4 orang', 700000.00, 6, 'Tersedia', 4.7),
(215, 115, 13, 'Biji Kopi Arabika', 'Biji kopi berkualitas tinggi', 120000.00, 25, 'Tersedia', 4.9),
(216, 116, 14, 'Serum Wajah', 'Serum untuk mencerahkan kulit', 180000.00, 30, 'Tersedia', 4.6),
(217, 117, 15, 'Mainan Robot', 'Robot mainan interaktif', 250000.00, 18, 'Tersedia', 4.7),
(218, 118, 16, 'Panci Anti Lengket', 'Set panci anti lengket', 300000.00, 10, 'Tersedia', 4.5),
(219, 119, 17, 'Monstera Deliciosa', 'Tanaman hias populer', 200000.00, 15, 'Tersedia', 4.8),
(220, 120, 8, 'Gelang Handmade', 'Gelang unik kerajinan tangan', 60000.00, 50, 'Tersedia', 4.7),
(221, 121, 2, 'Dress Wanita', 'Dress elegan untuk pesta', 350000.00, 10, 'Tersedia', 4.6),
(222, 122, 18, 'Anting Emas', 'Anting emas desain modern', 500000.00, 5, 'Tersedia', 4.9),
(223, 123, 1, 'Smartwatch', 'Jam tangan pintar multifungsi', 1500000.00, 8, 'Tersedia', 4.7),
(224, 124, 19, 'Popok Bayi', 'Popok bayi kualitas terbaik', 80000.00, 60, 'Tersedia', 4.8),
(225, 125, 20, 'Pulpen Gel', 'Set pulpen gel warna-warni', 25000.00, 100, 'Tersedia', 4.5),
(226, 102, 2, 'Celana Jeans Wanita', 'Celana jeans nyaman dan stylish', 250000.00, 15, 'Tersedia', 4.4),
(227, 103, 1, 'Tablet Android', 'Tablet dengan performa tinggi', 4000000.00, 8, 'Tersedia', 4.6),
(228, 104, 5, 'Game PC FIFA 2025', 'Game sepak bola terbaru', 700000.00, 20, 'Tersedia', 4.8),
(229, 105, 3, 'Meja Makan Kayu', 'Meja makan minimalis', 2000000.00, 5, 'Tersedia', 4.5),
(230, 106, 5, 'Bola Basket', 'Bola basket ukuran standar', 180000.00, 25, 'Tersedia', 4.7),
(231, 107, 6, 'Buku Self-Improvement', 'Buku pengembangan diri', 75000.00, 40, 'Tersedia', 4.6),
(232, 108, 4, 'Ban Motor', 'Ban motor tubeless', 300000.00, 15, 'Tersedia', 4.4),
(233, 109, 7, 'Masker Kain', 'Masker pelindung kesehatan', 10000.00, 200, 'Tersedia', 4.5),
(234, 110, 8, 'Kanvas Lukis', 'Kanvas untuk melukis', 50000.00, 30, 'Tersedia', 4.6),
(235, 111, 9, 'Sisir Hewan', 'Sisir untuk bulu hewan peliharaan', 30000.00, 50, 'Tersedia', 4.3),
(236, 112, 10, 'Piano Digital', 'Piano digital dengan suara realistis', 5000000.00, 3, 'Tersedia', 4.9),
(237, 113, 11, 'Tripod Kamera', 'Tripod ringan dan stabil', 150000.00, 10, 'Tersedia', 4.7),
(238, 114, 12, 'Ransel Hiking', 'Ransel kapasitas besar untuk hiking', 400000.00, 8, 'Tersedia', 4.6),
(239, 115, 13, 'French Press', 'Alat seduh kopi French Press', 90000.00, 20, 'Tersedia', 4.8),
(240, 116, 14, 'Cleanser Wajah', 'Pembersih wajah untuk semua jenis kulit', 80000.00, 40, 'Tersedia', 4.5),
(241, 117, 15, 'Puzzle Kayu', 'Puzzle edukasi untuk anak', 70000.00, 30, 'Tersedia', 4.6),
(242, 118, 16, 'Blender Elektrik', 'Blender serbaguna untuk dapur', 400000.00, 10, 'Tersedia', 4.7),
(243, 119, 17, 'Kaktus Hias', 'Berbagai jenis kaktus hias', 40000.00, 25, 'Tersedia', 4.4),
(244, 120, 18, 'Cincin Perak', 'Cincin perak dengan desain elegan', 150000.00, 15, 'Tersedia', 4.8),
(245, 121, 2, 'Jaket Denim Pria', 'Jaket denim stylish', 300000.00, 12, 'Tersedia', 4.5),
(246, 122, 18, 'Kalung Mutiara', 'Kalung mutiara asli', 800000.00, 3, 'Tersedia', 4.9),
(247, 123, 1, 'Smart TV 50 inch', 'Televisi pintar dengan resolusi tinggi', 7000000.00, 5, 'Tersedia', 4.8),
(248, 124, 19, 'Botol Susu Bayi', 'Botol susu bebas BPA', 50000.00, 50, 'Tersedia', 4.7),
(249, 125, 20, 'Notebook Spiral', 'Notebook dengan sampul menarik', 30000.00, 80, 'Tersedia', 4.4),
(250, 126, 3, 'Rice Cooker', 'Penanak nasi digital', 500000.00, 10, 'Tersedia', 4.6),
(251, 127, 17, 'Sekop Kebun', 'Sekop ergonomis untuk berkebun', 45000.00, 20, 'Tersedia', 4.2),
(252, 128, 8, 'Miniatur Kayu', 'Miniatur bangunan dari kayu', 80000.00, 15, 'Tersedia', 4.7),
(253, 129, 12, 'Koper Travel', 'Koper ringan ukuran kabin', 300000.00, 8, 'Tersedia', 4.5),
(254, 130, 7, 'Madu Organik', 'Madu murni organik', 120000.00, 25, 'Tersedia', 4.8),
(255, 131, 12, 'Joran Pancing', 'Joran pancing profesional', 250000.00, 10, 'Tersedia', 4.6),
(256, 132, 17, 'Pot Tanaman Keramik', 'Pot tanaman hias dari keramik', 60000.00, 30, 'Tersedia', 4.4),
(257, 133, 11, 'Lensa Kamera Prime', 'Lensa kamera fixed focal length', 2000000.00, 5, 'Tersedia', 4.9),
(258, 134, 8, 'Kuas Lukis Set', 'Set kuas lukis berbagai ukuran', 70000.00, 20, 'Tersedia', 4.5),
(259, 135, 3, 'Telepon Vintage', 'Telepon analog gaya retro', 180000.00, 10, 'Tersedia', 4.3),
(260, 136, 12, 'Kompas Digital', 'Kompas digital untuk navigasi outdoor', 90000.00, 15, 'Tersedia', 4.7),
(261, 137, 4, 'Sarung Jok Mobil', 'Sarung jok mobil universal', 150000.00, 20, 'Tersedia', 4.4),
(262, 138, 19, 'Stroller Bayi', 'Kereta dorong bayi ringan', 800000.00, 7, 'Tersedia', 4.8),
(263, 139, 7, 'Teh Herbal', 'Teh kesehatan dari bahan alami', 50000.00, 40, 'Tersedia', 4.6),
(264, 140, 1, 'Mini Projector', 'Proyektor mini portabel', 1000000.00, 5, 'Tersedia', 4.7),
(265, 141, 12, 'Sleeping Bag', 'Kantong tidur untuk camping', 300000.00, 12, 'Tersedia', 4.5),
(266, 142, 5, 'Dumbbell Set', 'Set dumbbell adjustable', 500000.00, 8, 'Tersedia', 4.8),
(267, 143, 5, 'Kacamata Renang', 'Kacamata renang anti-fog', 60000.00, 30, 'Tersedia', 4.4),
(268, 144, 5, 'Matras Yoga', 'Matras yoga anti-slip', 120000.00, 25, 'Tersedia', 4.7),
(269, 145, 8, 'Tas Daur Ulang', 'Tas belanja dari bahan daur ulang', 40000.00, 50, 'Tersedia', 4.3),
(270, 146, 3, 'Mesin Jahit Portable', 'Mesin jahit mini portable', 700000.00, 5, 'Tersedia', 4.6),
(271, 147, 8, 'Cat Akrilik Set', 'Set cat akrilik lengkap', 150000.00, 15, 'Tersedia', 4.8),
(272, 148, 10, 'Microphone Kondensor', 'Mikrofon untuk rekaman studio', 800000.00, 3, 'Tersedia', 4.9),
(273, 149, 4, 'Helm Motor Full Face', 'Helm motor SNI full face', 400000.00, 10, 'Tersedia', 4.7),
(274, 150, 3, 'Dekorasi Pesta Balon', 'Set balon dekorasi pesta', 75000.00, 20, 'Tersedia', 4.5);

INSERT INTO Detail_Category VALUES
(201, 1),
(202, 2),
(203, 1),
(204, 5),
(205, 3),
(206, 5),
(207, 6),
(208, 4),
(209, 7),
(210, 8),
(211, 9),
(212, 10),
(213, 11),
(214, 12),
(215, 13),
(216, 14),
(217, 15),
(218, 16),
(219, 17),
(220, 8),
(221, 2),
(222, 18),
(223, 1),
(224, 19),
(225, 20),
(226, 2),
(227, 1),
(228, 5),
(229, 3),
(230, 5),
(231, 6),
(232, 4),
(233, 7),
(234, 8),
(235, 9),
(236, 10),
(237, 11),
(238, 12),
(239, 13),
(240, 14),
(241, 15),
(242, 16),
(243, 17),
(244, 18),
(245, 2),
(246, 18),
(247, 1),
(248, 19),
(249, 20),
(250, 3),
(251, 17),
(252, 8),
(253, 12),
(254, 7),
(255, 12),
(256, 17),
(257, 11),
(258, 8),
(259, 3),
(260, 12),
(261, 4),
(262, 19),
(263, 7),
(264, 1),
(265, 12),
(266, 5),
(267, 5),
(268, 5),
(269, 8),
(270, 3),
(271, 8),
(272, 10),
(273, 4),
(274, 3);

INSERT INTO Transaksi VALUES
(301, 2, 19500000.00, 500000.00, 20000.00, 'Selesai', 'Laptop Asus ROG'),
(302, 4, 142500.00, 7500.00, 15000.00, 'Selesai', 'Kemeja Pria'),
(303, 6, 9500000.00, 500000.00, 25000.00, 'Pending', 'Smartphone Samsung'),
(304, 8, 4275000.00, 225000.00, 18000.00, 'Selesai', 'Nintendo Switch'),
(305, 10, 3325000.00, 175000.00, 22000.00, 'Selesai', 'Sofa Minimalis'),
(306, 12, 1140000.00, 60000.00, 12000.00, 'Pending', 'Sepatu Lari Nike'),
(307, 14, 85500.00, 4500.00, 8000.00, 'Selesai', 'Novel Fantasi'),
(308, 16, 95000.00, 5000.00, 10000.00, 'Selesai', 'Oli Mesin Mobil'),
(309, 18, 47500.00, 2500.00, 5000.00, 'Pending', 'Vitamin C'),
(310, 20, 190000.00, 10000.00, 15000.00, 'Selesai', 'Set Cat Air'),
(311, 22, 71250.00, 3750.00, 7000.00, 'Selesai', 'Makanan Kucing'),
(312, 24, 1425000.00, 75000.00, 20000.00, 'Pending', 'Gitar Akustik'),
(313, 26, 7600000.00, 400000.00, 30000.00, 'Selesai', 'Kamera DSLR Canon'),
(314, 28, 665000.00, 35000.00, 15000.00, 'Selesai', 'Tenda Camping'),
(315, 30, 114000.00, 6000.00, 10000.00, 'Pending', 'Biji Kopi Arabika'),
(316, 32, 171000.00, 9000.00, 8000.00, 'Selesai', 'Serum Wajah'),
(317, 34, 237500.00, 12500.00, 12000.00, 'Selesai', 'Mainan Robot'),
(318, 36, 285000.00, 15000.00, 10000.00, 'Pending', 'Panci Anti Lengket'),
(319, 38, 190000.00, 10000.00, 8000.00, 'Selesai', 'Monstera Deliciosa'),
(320, 40, 57000.00, 3000.00, 5000.00, 'Selesai', 'Gelang Handmade'),
(321, 42, 332500.00, 17500.00, 15000.00, 'Pending', 'Dress Wanita'),
(322, 44, 475000.00, 25000.00, 18000.00, 'Selesai', 'Anting Emas'),
(323, 46, 1425000.00, 75000.00, 20000.00, 'Selesai', 'Smartwatch'),
(324, 48, 76000.00, 4000.00, 7000.00, 'Pending', 'Popok Bayi'),
(325, 50, 23750.00, 1250.00, 5000.00, 'Selesai', 'Pulpen Gel'),
(326, 52, 237500.00, 12500.00, 10000.00, 'Selesai', 'Celana Jeans Wanita'),
(327, 54, 3800000.00, 200000.00, 20000.00, 'Pending', 'Tablet Android'),
(328, 56, 665000.00, 35000.00, 15000.00, 'Selesai', 'Game PC FIFA 2025'),
(329, 58, 1900000.00, 100000.00, 25000.00, 'Selesai', 'Meja Makan Kayu'),
(330, 60, 171000.00, 9000.00, 12000.00, 'Pending', 'Bola Basket'),
(331, 62, 71250.00, 3750.00, 8000.00, 'Selesai', 'Buku Self-Improvement'),
(332, 64, 285000.00, 15000.00, 10000.00, 'Selesai', 'Ban Motor'),
(333, 66, 9500.00, 500.00, 5000.00, 'Pending', 'Masker Kain'),
(334, 68, 47500.00, 2500.00, 7000.00, 'Selesai', 'Kanvas Lukis'),
(335, 70, 28500.00, 1500.00, 5000.00, 'Selesai', 'Sisir Hewan'),
(336, 72, 4750000.00, 250000.00, 30000.00, 'Pending', 'Piano Digital'),
(337, 74, 142500.00, 7500.00, 10000.00, 'Selesai', 'Tripod Kamera'),
(338, 76, 380000.00, 20000.00, 18000.00, 'Selesai', 'Ransel Hiking'),
(339, 78, 85500.00, 4500.00, 10000.00, 'Pending', 'French Press'),
(340, 80, 76000.00, 4000.00, 8000.00, 'Selesai', 'Cleanser Wajah'),
(341, 82, 66500.00, 3500.00, 7000.00, 'Selesai', 'Puzzle Kayu'),
(342, 84, 380000.00, 20000.00, 15000.00, 'Pending', 'Blender Elektrik'),
(343, 86, 38000.00, 2000.00, 5000.00, 'Selesai', 'Kaktus Hias'),
(344, 88, 142500.00, 7500.00, 10000.00, 'Selesai', 'Cincin Perak'),
(345, 90, 285000.00, 15000.00, 12000.00, 'Pending', 'Jaket Denim Pria'),
(346, 92, 760000.00, 40000.00, 20000.00, 'Selesai', 'Kalung Mutiara'),
(347, 94, 6650000.00, 350000.00, 30000.00, 'Selesai', 'Smart TV 50 inch'),
(348, 96, 76000.00, 4000.00, 7000.00, 'Pending', 'Botol Susu Bayi'),
(349, 98, 28500.00, 1500.00, 5000.00, 'Selesai', 'Notebook Spiral'),
(350, 100, 475000.00, 25000.00, 15000.00, 'Selesai', 'Rice Cooker'),
(351, 2, 42750.00, 2250.00, 5000.00, 'Pending', 'Sekop Kebun'),
(352, 4, 76000.00, 4000.00, 7000.00, 'Selesai', 'Miniatur Kayu'),
(353, 6, 285000.00, 15000.00, 12000.00, 'Selesai', 'Koper Travel'),
(354, 8, 114000.00, 6000.00, 10000.00, 'Pending', 'Madu Organik'),
(355, 10, 237500.00, 12500.00, 10000.00, 'Selesai', 'Joran Pancing'),
(356, 12, 57000.00, 3000.00, 7000.00, 'Selesai', 'Pot Tanaman Keramik'),
(357, 14, 1900000.00, 100000.00, 25000.00, 'Pending', 'Lensa Kamera Prime'),
(358, 16, 66500.00, 3500.00, 8000.00, 'Selesai', 'Kuas Lukis Set'),
(359, 18, 171000.00, 9000.00, 10000.00, 'Selesai', 'Telepon Vintage'),
(360, 20, 85500.00, 4500.00, 7000.00, 'Pending', 'Kompas Digital'),
(361, 22, 142500.00, 7500.00, 10000.00, 'Selesai', 'Sarung Jok Mobil'),
(362, 24, 760000.00, 40000.00, 18000.00, 'Selesai', 'Stroller Bayi'),
(363, 26, 47500.00, 2500.00, 5000.00, 'Pending', 'Teh Herbal'),
(364, 28, 950000.00, 50000.00, 20000.00, 'Selesai', 'Mini Projector'),
(365, 30, 285000.00, 15000.00, 12000.00, 'Selesai', 'Sleeping Bag'),
(366, 32, 475000.00, 25000.00, 15000.00, 'Pending', 'Dumbbell Set'),
(367, 34, 57000.00, 3000.00, 7000.00, 'Selesai', 'Kacamata Renang'),
(368, 36, 114000.00, 6000.00, 8000.00, 'Selesai', 'Matras Yoga'),
(369, 38, 38000.00, 2000.00, 5000.00, 'Pending', 'Tas Daur Ulang'),
(370, 40, 665000.00, 35000.00, 18000.00, 'Selesai', 'Mesin Jahit Portable'),
(371, 42, 142500.00, 7500.00, 10000.00, 'Selesai', 'Cat Akrilik Set'),
(372, 44, 760000.00, 40000.00, 25000.00, 'Pending', 'Microphone Kondensor'),
(373, 46, 380000.00, 20000.00, 15000.00, 'Selesai', 'Helm Motor Full Face'),
(374, 48, 71250.00, 3750.00, 7000.00, 'Selesai', 'Dekorasi Pesta Balon');

INSERT INTO Membeli VALUES
(301, 201, 1),
(302, 202, 1),
(303, 203, 1),
(304, 204, 1),
(305, 205, 1),
(306, 206, 1),
(307, 207, 1),
(308, 208, 1),
(309, 209, 1),
(310, 210, 1),
(311, 211, 1),
(312, 212, 1),
(313, 213, 1),
(314, 214, 1),
(315, 215, 1),
(316, 216, 1),
(317, 217, 1),
(318, 218, 1),
(319, 219, 1),
(320, 220, 1),
(321, 221, 1),
(322, 222, 1),
(323, 223, 1),
(324, 224, 1),
(325, 225, 1),
(326, 226, 1),
(327, 227, 1),
(328, 228, 1),
(329, 229, 1),
(330, 230, 1),
(331, 231, 1),
(332, 232, 1),
(333, 233, 1),
(334, 234, 1),
(335, 235, 1),
(336, 236, 1),
(337, 237, 1),
(338, 238, 1),
(339, 239, 1),
(340, 240, 1),
(341, 241, 1),
(342, 242, 1),
(343, 243, 1),
(344, 244, 1),
(345, 245, 1),
(346, 246, 1),
(347, 247, 1),
(348, 248, 1),
(349, 249, 1),
(350, 250, 1),
(351, 251, 1),
(352, 252, 1),
(353, 253, 1),
(354, 254, 1),
(355, 255, 1),
(356, 256, 1),
(357, 257, 1),
(358, 258, 1),
(359, 259, 1),
(360, 260, 1),
(361, 261, 1),
(362, 262, 1),
(363, 263, 1),
(364, 264, 1),
(365, 265, 1),
(366, 266, 1),
(367, 267, 1),
(368, 268, 1),
(369, 269, 1),
(370, 270, 1),
(371, 271, 1),
(372, 272, 1),
(373, 273, 1),
(374, 274, 1);

INSERT INTO Pembayaran VALUES
(401, 301, '2025-05-01', 'Transfer Bank', 20000.00, 19500000.00, 'Sudah Dibayar'),
(402, 302, '2025-05-03', 'Debit Card', 15000.00, 142500.00, 'Sudah Dibayar'),
(403, 303, '2025-05-04', 'Transfer Bank', 25000.00, 9500000.00, 'Belum Dibayar'),
(404, 304, '2025-05-05', 'Credit Card', 18000.00, 4275000.00, 'Sudah Dibayar'),
(405, 305, '2025-05-06', 'Transfer Bank', 22000.00, 3325000.00, 'Sudah Dibayar'),
(406, 306, '2025-05-07', 'Debit Card', 12000.00, 1140000.00, 'Belum Dibayar'),
(407, 307, '2025-05-08', 'Transfer Bank', 8000.00, 85500.00, 'Sudah Dibayar'),
(408, 308, '2025-05-09', 'Credit Card', 10000.00, 95000.00, 'Sudah Dibayar'),
(409, 309, '2025-05-10', 'Transfer Bank', 5000.00, 47500.00, 'Belum Dibayar'),
(410, 310, '2025-05-11', 'Debit Card', 15000.00, 190000.00, 'Sudah Dibayar'),
(411, 311, '2025-05-12', 'Transfer Bank', 7000.00, 71250.00, 'Sudah Dibayar'),
(412, 312, '2025-05-13', 'Credit Card', 20000.00, 1425000.00, 'Belum Dibayar'),
(413, 313, '2025-05-14', 'Transfer Bank', 30000.00, 7600000.00, 'Sudah Dibayar'),
(414, 314, '2025-05-15', 'Debit Card', 15000.00, 665000.00, 'Sudah Dibayar'),
(415, 315, '2025-05-16', 'Transfer Bank', 10000.00, 114000.00, 'Belum Dibayar'),
(416, 316, '2025-05-17', 'Credit Card', 8000.00, 171000.00, 'Sudah Dibayar'),
(417, 317, '2025-05-18', 'Transfer Bank', 12000.00, 237500.00, 'Sudah Dibayar'),
(418, 318, '2025-05-19', 'Debit Card', 10000.00, 285000.00, 'Belum Dibayar'),
(419, 319, '2025-05-20', 'Transfer Bank', 8000.00, 190000.00, 'Sudah Dibayar'),
(420, 320, '2025-05-21', 'Credit Card', 5000.00, 57000.00, 'Sudah Dibayar'),
(421, 321, '2025-05-22', 'Transfer Bank', 15000.00, 332500.00, 'Belum Dibayar'),
(422, 322, '2025-05-23', 'Debit Card', 18000.00, 475000.00, 'Sudah Dibayar'),
(423, 323, '2025-05-24', 'Transfer Bank', 20000.00, 1425000.00, 'Sudah Dibayar'),
(424, 324, '2025-05-25', 'Credit Card', 7000.00, 76000.00, 'Belum Dibayar'),
(425, 325, '2025-05-26', 'Transfer Bank', 5000.00, 23750.00, 'Sudah Dibayar'),
(426, 326, '2025-05-27', 'Debit Card', 10000.00, 237500.00, 'Sudah Dibayar'),
(427, 327, '2025-05-28', 'Transfer Bank', 20000.00, 3800000.00, 'Belum Dibayar'),
(428, 328, '2025-05-29', 'Credit Card', 15000.00, 665000.00, 'Sudah Dibayar'),
(429, 329, '2025-05-30', 'Transfer Bank', 25000.00, 1900000.00, 'Sudah Dibayar'),
(430, 330, '2025-05-31', 'Debit Card', 12000.00, 171000.00, 'Belum Dibayar'),
(431, 331, '2025-06-01', 'Transfer Bank', 8000.00, 71250.00, 'Sudah Dibayar'),
(432, 332, '2025-06-02', 'Credit Card', 10000.00, 285000.00, 'Sudah Dibayar'),
(433, 333, '2025-06-03', 'Transfer Bank', 5000.00, 9500.00, 'Belum Dibayar'),
(434, 334, '2025-06-04', 'Debit Card', 7000.00, 47500.00, 'Sudah Dibayar'),
(435, 335, '2025-06-05', 'Transfer Bank', 5000.00, 28500.00, 'Sudah Dibayar'),
(436, 336, '2025-06-06', 'Credit Card', 30000.00, 4750000.00, 'Belum Dibayar'),
(437, 337, '2025-06-07', 'Transfer Bank', 10000.00, 142500.00, 'Sudah Dibayar'),
(438, 338, '2025-06-08', 'Debit Card', 18000.00, 380000.00, 'Sudah Dibayar'),
(439, 339, '2025-06-09', 'Transfer Bank', 10000.00, 85500.00, 'Belum Dibayar'),
(440, 340, '2025-06-10', 'Credit Card', 8000.00, 76000.00, 'Sudah Dibayar'),
(441, 341, '2025-06-11', 'Transfer Bank', 7000.00, 66500.00, 'Sudah Dibayar'),
(442, 342, '2025-06-12', 'Debit Card', 15000.00, 380000.00, 'Belum Dibayar'),
(443, 343, '2025-06-13', 'Transfer Bank', 5000.00, 38000.00, 'Sudah Dibayar'),
(444, 344, '2025-06-14', 'Credit Card', 10000.00, 142500.00, 'Sudah Dibayar'),
(445, 345, '2025-06-15', 'Transfer Bank', 12000.00, 285000.00, 'Belum Dibayar'),
(446, 346, '2025-06-16', 'Debit Card', 20000.00, 760000.00, 'Sudah Dibayar'),
(447, 347, '2025-06-17', 'Transfer Bank', 30000.00, 6650000.00, 'Sudah Dibayar'),
(448, 348, '2025-06-18', 'Credit Card', 7000.00, 76000.00, 'Belum Dibayar'),
(449, 349, '2025-06-19', 'Transfer Bank', 5000.00, 28500.00, 'Sudah Dibayar'),
(450, 350, '2025-06-20', 'Debit Card', 15000.00, 475000.00, 'Sudah Dibayar'),
(451, 351, '2025-06-21', 'Transfer Bank', 5000.00, 42750.00, 'Belum Dibayar'),
(452, 352, '2025-06-22', 'Credit Card', 7000.00, 76000.00, 'Sudah Dibayar'),
(453, 353, '2025-06-23', 'Transfer Bank', 12000.00, 285000.00, 'Sudah Dibayar'),
(454, 354, '2025-06-24', 'Debit Card', 10000.00, 114000.00, 'Belum Dibayar'),
(455, 355, '2025-06-25', 'Transfer Bank', 10000.00, 237500.00, 'Sudah Dibayar'),
(456, 356, '2025-06-26', 'Credit Card', 7000.00, 57000.00, 'Sudah Dibayar'),
(457, 357, '2025-06-27', 'Transfer Bank', 25000.00, 1900000.00, 'Belum Dibayar'),
(458, 358, '2025-06-28', 'Debit Card', 8000.00, 66500.00, 'Sudah Dibayar'),
(459, 359, '2025-06-29', 'Transfer Bank', 10000.00, 171000.00, 'Sudah Dibayar'),
(460, 360, '2025-06-30', 'Credit Card', 7000.00, 85500.00, 'Belum Dibayar'),
(461, 361, '2025-07-01', 'Transfer Bank', 10000.00, 142500.00, 'Sudah Dibayar'),
(462, 362, '2025-07-02', 'Debit Card', 18000.00, 760000.00, 'Sudah Dibayar'),
(463, 363, '2025-07-03', 'Transfer Bank', 5000.00, 47500.00, 'Belum Dibayar'),
(464, 364, '2025-07-04', 'Credit Card', 20000.00, 950000.00, 'Sudah Dibayar'),
(465, 365, '2025-07-05', 'Transfer Bank', 12000.00, 285000.00, 'Sudah Dibayar'),
(466, 366, '2025-07-06', 'Debit Card', 15000.00, 475000.00, 'Belum Dibayar'),
(467, 367, '2025-07-07', 'Transfer Bank', 7000.00, 57000.00, 'Sudah Dibayar'),
(468, 368, '2025-07-08', 'Credit Card', 8000.00, 114000.00, 'Sudah Dibayar'),
(469, 369, '2025-07-09', 'Transfer Bank', 5000.00, 38000.00, 'Belum Dibayar'),
(470, 370, '2025-07-10', 'Debit Card', 18000.00, 665000.00, 'Sudah Dibayar'),
(471, 371, '2025-07-11', 'Transfer Bank', 10000.00, 142500.00, 'Sudah Dibayar'),
(472, 372, '2025-07-12', 'Credit Card', 25000.00, 760000.00, 'Belum Dibayar'),
(473, 373, '2025-07-13', 'Transfer Bank', 15000.00, 380000.00, 'Sudah Dibayar'),
(474, 374, '2025-07-14', 'Debit Card', 7000.00, 71250.00, 'Sudah Dibayar');

INSERT INTO Ulasan VALUES
(501, 201, 2, 5.0, 'Barang bagus, sesuai deskripsi!', '2025-05-02'),
(502, 202, 4, 4.5, 'Kemeja bagus, kualitas oke!', '2025-05-04'),
(503, 203, 6, 4.8, 'Smartphone canggih, sangat puas!', '2025-05-05'),
(504, 204, 8, 5.0, 'Nintendo Switch sangat menyenangkan!', '2025-05-06'),
(505, 205, 10, 4.7, 'Sofa nyaman dan desain modern.', '2025-05-07'),
(506, 206, 12, 4.9, 'Sepatu lari sangat ringan, cocok untuk jogging.', '2025-05-08'),
(507, 207, 14, 4.6, 'Novelnya seru, tidak bisa berhenti membaca.', '2025-05-09'),
(508, 208, 16, 4.5, 'Oli mesinnya berkualitas, mesin jadi halus.', '2025-05-10'),
(509, 209, 18, 4.7, 'Vitamin C sangat membantu menjaga daya tahan tubuh.', '2025-05-11'),
(510, 210, 20, 4.9, 'Set cat air lengkap, anak saya suka sekali.', '2025-05-12'),
(511, 211, 22, 4.8, 'Kucing saya suka sekali makanan ini.', '2025-05-13'),
(512, 212, 24, 5.0, 'Gitar akustiknya suara jernih, recommended.', '2025-05-14'),
(513, 213, 26, 4.9, 'Kamera DSLR menghasilkan foto yang tajam.', '2025-05-15'),
(514, 214, 28, 4.8, 'Tenda camping mudah dipasang dan kokoh.', '2025-05-16'),
(515, 215, 30, 5.0, 'Biji kopi arabika sangat wangi dan nikmat.', '2025-05-17'),
(516, 216, 32, 4.7, 'Serum wajahnya membuat kulit cerah.', '2025-05-18'),
(517, 217, 34, 4.8, 'Mainan robotnya interaktif, anak jadi senang.', '2025-05-19'),
(518, 218, 36, 4.6, 'Panci anti lengket sangat membantu saat masak.', '2025-05-20'),
(519, 219, 38, 4.9, 'Monstera deliciosa cantik sekali, jadi betah di rumah.', '2025-05-21'),
(520, 220, 40, 4.8, 'Gelangnya unik, cocok buat kado.', '2025-05-22'),
(521, 221, 42, 4.7, 'Dressnya pas di badan, elegan sekali.', '2025-05-23'),
(522, 222, 44, 5.0, 'Anting emasnya sangat cantik, berkilau.', '2025-05-24'),
(523, 223, 46, 4.8, 'Smartwatchnya multifungsi, sangat membantu aktivitas.', '2025-05-25'),
(524, 224, 48, 4.9, 'Popok bayi lembut, tidak bikin iritasi.', '2025-05-26'),
(525, 225, 50, 4.6, 'Pulpen gelnya warna-warni, bagus untuk belajar.', '2025-05-27'),
(526, 226, 52, 4.5, 'Celana jeansnya pas dan nyaman dipakai.', '2025-05-28'),
(527, 227, 54, 4.7, 'Tabletnya cepat, cocok untuk kerja.', '2025-05-29'),
(528, 228, 56, 4.9, 'Game FIFA 2025 seru banget!', '2025-05-30'),
(529, 229, 58, 4.6, 'Meja makan kayunya solid dan bagus.', '2025-05-31'),
(530, 230, 60, 4.8, 'Bola basketnya standar dan empuk.', '2025-06-01'),
(531, 231, 62, 4.7, 'Buku self-improvementnya sangat menginspirasi.', '2025-06-02'),
(532, 232, 64, 4.5, 'Ban motornya awet dan tidak licin.', '2025-06-03'),
(533, 233, 66, 4.6, 'Masker kainnya adem dan nyaman.', '2025-06-04'),
(534, 234, 68, 4.7, 'Kanvas lukisnya tebal, bagus untuk melukis.', '2025-06-05'),
(535, 235, 70, 4.4, 'Sisir hewan efektif menghilangkan bulu rontok.', '2025-06-06'),
(536, 236, 72, 5.0, 'Piano digitalnya suara persis piano asli.', '2025-06-07'),
(537, 237, 74, 4.8, 'Tripod kameranya kokoh dan stabil.', '2025-06-08'),
(538, 238, 76, 4.7, 'Ransel hikingnya nyaman dipakai.', '2025-06-09'),
(539, 239, 78, 4.9, 'French pressnya mudah digunakan.', '2025-06-10'),
(540, 240, 80, 4.6, 'Cleanser wajahnya cocok untuk kulit sensitif.', '2025-06-11'),
(541, 241, 82, 4.7, 'Puzzle kayunya mendidik dan seru.', '2025-06-12'),
(542, 242, 84, 4.8, 'Blender elektriknya kuat, mudah membersihkannya.', '2025-06-13'),
(543, 243, 86, 4.5, 'Kaktus hiasnya lucu-lucu, jadi betah di rumah.', '2025-06-14'),
(544, 244, 88, 4.9, 'Cincin peraknya berkilau, suka banget.', '2025-06-15'),
(545, 245, 90, 4.6, 'Jaket denimnya stylish dan pas di badan.', '2025-06-16'),
(546, 246, 92, 5.0, 'Kalung mutiaranya elegan dan asli.', '2025-06-17'),
(547, 247, 94, 4.9, 'Smart TVnya jernih, puas nonton film.', '2025-06-18'),
(548, 248, 96, 4.8, 'Botol susu bayi mudah dibersihkan.', '2025-06-19'),
(549, 249, 98, 4.5, 'Notebook spiralnya kertasnya bagus.', '2025-06-20'),
(550, 250, 100, 4.7, 'Rice cooker digitalnya praktis.', '2025-06-21'),
(551, 251, 2, 4.3, 'Sekop kebunnya kuat, enak dipakai.', '2025-06-22'),
(552, 252, 4, 4.8, 'Miniatur kayunya detailnya bagus.', '2025-06-23'),
(553, 253, 6, 4.6, 'Koper travelnya ringan dan kuat.', '2025-06-24'),
(554, 254, 8, 4.9, 'Madu organiknya manis alami.', '2025-06-25'),
(555, 255, 10, 4.7, 'Joran pancingnya fleksibel dan kuat.', '2025-06-26'),
(556, 256, 12, 4.5, 'Pot tanaman keramiknya cantik.', '2025-06-27'),
(557, 257, 14, 5.0, 'Lensa kamera prime hasilnya tajam.', '2025-06-28'),
(558, 258, 16, 4.6, 'Kuas lukis setnya lengkap.', '2025-06-29'),
(559, 259, 18, 4.4, 'Telepon vintagenya unik dan berfungsi.', '2025-06-30'),
(560, 260, 20, 4.8, 'Kompas digitalnya akurat.', '2025-07-01'),
(561, 261, 22, 4.5, 'Sarung jok mobilnya pas di mobil.', '2025-07-02'),
(562, 262, 24, 4.9, 'Stroller bayinya ringan dan mudah dilipat.', '2025-07-03'),
(563, 263, 26, 4.7, 'Teh herbalnya enak dan menyehatkan.', '2025-07-04'),
(564, 264, 28, 4.8, 'Mini projectornya jernih gambarnya.', '2025-07-05'),
(565, 265, 30, 4.6, 'Sleeping bagnya hangat dan nyaman.', '2025-07-06'),
(566, 266, 32, 4.9, 'Dumbbell setnya kokoh.', '2025-07-07'),
(567, 267, 34, 4.5, 'Kacamata renangnya nyaman di mata.', '2025-07-08'),
(568, 268, 36, 4.8, 'Matras yoganya anti-slip.', '2025-07-09'),
(569, 269, 38, 4.4, 'Tas daur ulangnya unik dan ramah lingkungan.', '2025-07-10'),
(570, 270, 40, 4.7, 'Mesin jahit portable praktis dibawa.', '2025-07-11'),
(571, 271, 42, 4.9, 'Cat akrilik setnya warnanya cerah.', '2025-07-12'),
(572, 272, 44, 5.0, 'Mikrofon kondensornya jernih suaranya.', '2025-07-13'),
(573, 273, 46, 4.8, 'Helm motornya nyaman dan aman.', '2025-07-14'),
(574, 274, 48, 4.6, 'Dekorasi pesta balonnya bagus.', '2025-07-15');